id,target
c0f722661,-1.6499362147555652
f0953f0a5,-0.5309116006214849
0df072751,-0.7820900227111549
04caf4e0c,-1.968736040738499
0e63f8bea,-1.5294149125207313
12537fe78,-0.775970632511506
965e592c0,-0.2494217473913667
